trade_id,currency_pair,trade_volume,price,timestamp
TRADE_0,EUR/USD,55177.47761678164,1.1078182506901373,2024-03-20
TRADE_1,EUR/USD,94031.23177544148,1.042593425696627,2024-01-17
TRADE_2,EUR/USD,84003.8966573381,1.2121799554551067,2024-05-23
TRADE_3,EUR/USD,92332.72427349833,1.1109009063783766,2024-02-28
TRADE_4,EUR/USD,106880.01652900067,1.1624031086211766,2024-04-15
TRADE_5,EUR/USD,154854.5036854074,1.0374819969778226,2024-04-01
TRADE_6,EUR/USD,113216.44429275308,1.031512719699584,2024-06-12
TRADE_7,EUR/USD,83386.23717954542,1.145096439573485,2024-04-03
TRADE_8,EUR/USD,80861.83775086606,1.176849604255331,2024-04-05
TRADE_9,EUR/USD,106504.91613724909,1.0824655326538146,2024-07-24
TRADE_10,EUR/USD,85188.98773408335,1.02801426310844,2024-04-10
TRADE_11,EUR/USD,67923.78131202087,1.1378865592689513,2024-01-12
TRADE_12,EUR/USD,86953.98131939111,1.1520231767792448,2024-08-16
TRADE_13,EUR/USD,98966.11086436125,1.073595069532797,2024-03-26
TRADE_14,EUR/USD,86507.26387341566,1.060409520686029,2024-08-12
TRADE_15,EUR/USD,105756.71332771612,1.0710582200897365,2024-05-17
TRADE_16,EUR/USD,123820.42225435453,1.1335641218500156,2024-07-03
TRADE_17,EUR/USD,97997.53314391723,1.1442803731884166,2024-03-04
TRADE_18,EUR/USD,133118.93291702023,1.1003840123156285,2024-04-11
TRADE_19,EUR/USD,136209.19910743504,1.0863677315505216,2024-03-21
TRADE_20,EUR/USD,133674.26708723375,1.1231364866371714,2024-02-09
TRADE_21,EUR/USD,106450.97687401652,1.1417431098765318,2024-04-05
TRADE_22,EUR/USD,106580.62493669661,1.03724291290827,2024-09-02
TRADE_23,EUR/USD,148752.81264395505,1.1292100078169254,2024-08-15
TRADE_24,EUR/USD,121194.76686996511,1.1503522151409848,2024-03-01
TRADE_25,EUR/USD,112038.26737821242,1.0098898901089144,2024-07-29
TRADE_26,EUR/USD,99403.0053376673,1.1412236939528764,2024-04-02
TRADE_27,EUR/USD,55330.79906069591,1.1324898706854984,2024-04-15
TRADE_28,EUR/USD,133441.60700268796,1.0764638607532533,2024-02-01
TRADE_29,EUR/USD,103833.1774301052,1.1394577082396633,2024-01-11
TRADE_30,EUR/USD,85462.12275621537,1.1019521369073075,2024-09-10
TRADE_31,EUR/USD,102955.22422261191,1.134811868186209,2024-01-11
TRADE_32,EUR/USD,99296.67021774058,1.0727708417128254,2024-09-12
TRADE_33,EUR/USD,101873.20066954568,1.0925325938313188,2024-05-28
TRADE_34,EUR/USD,110433.5838829418,1.0644587958703038,2024-01-02
TRADE_35,EUR/USD,119733.1810989695,1.0576054350308726,2024-01-18
TRADE_36,EUR/USD,83065.53841733164,1.060511641626783,2024-07-23
TRADE_37,EUR/USD,85866.73631421477,1.1693481563255308,2024-07-22
TRADE_38,EUR/USD,94623.44866967462,1.0793569224075068,2024-04-02
TRADE_39,EUR/USD,126267.04354031611,1.0873484726106888,2024-03-15
TRADE_40,EUR/USD,78510.22502623832,1.1687912082660514,2024-08-14
TRADE_41,EUR/USD,91885.51884767336,1.0965607097694616,2024-02-08
TRADE_42,EUR/USD,142697.3864709781,1.119036735950817,2024-05-31
TRADE_43,EUR/USD,126092.4816867965,0.9882083916391886,2024-08-07
TRADE_44,EUR/USD,80115.89338231029,1.2296755892255222,2024-01-19
TRADE_45,EUR/USD,90484.8279484731,1.1015152777088733,2024-09-09
TRADE_46,EUR/USD,107726.44545391567,1.066600764711703,2024-05-17
TRADE_47,EUR/USD,81929.61456765827,1.126822106276556,2024-02-12
TRADE_48,EUR/USD,93435.44643255572,1.0949330471263319,2024-08-29
TRADE_49,EUR/USD,102910.57607818702,1.2049986725154473,2024-07-05
TRADE_50,EUR/USD,108739.09809977567,1.0363225688920152,2024-02-12
TRADE_51,EUR/USD,112963.33246369619,1.1551625279479119,2024-06-27
TRADE_52,EUR/USD,111804.3454803723,1.112182501980999,2024-09-18
TRADE_53,EUR/USD,147294.8634898128,1.1097374500786292,2024-02-13
TRADE_54,EUR/USD,79489.2645275429,1.115110838255426,2024-09-23
TRADE_55,EUR/USD,115655.16835119422,1.2230964188142521,2024-08-08
TRADE_56,EUR/USD,116238.08828008184,1.086267491003106,2024-08-26
TRADE_57,EUR/USD,88907.60713998697,1.0719910317522967,2024-03-27
TRADE_58,EUR/USD,77532.551104502,1.0730859025995685,2024-09-26
TRADE_59,EUR/USD,77377.26287089805,1.0500528136557987,2024-07-24
TRADE_60,EUR/USD,94491.71487223021,1.0846105920991989,2024-01-15
TRADE_61,EUR/USD,81116.889090364,1.0713657519782387,2024-07-12
TRADE_62,EUR/USD,130782.75140888963,1.0693584746547622,2024-05-03
TRADE_63,EUR/USD,83428.06338081064,1.1708723595762978,2024-06-13
TRADE_64,EUR/USD,66022.24774522,1.025580192267842,2024-03-22
TRADE_65,EUR/USD,96165.96672028778,1.0267905911536996,2024-03-18
TRADE_66,EUR/USD,114917.8782496866,1.027929900938422,2024-04-29
TRADE_67,EUR/USD,89999.1323760428,1.106543339950562,2024-08-15
TRADE_68,EUR/USD,105612.51245332348,1.1789779545066452,2024-07-04
TRADE_69,EUR/USD,114944.205521052,1.1591672735975487,2024-07-29
TRADE_70,EUR/USD,113894.22144545971,1.1128769656491788,2024-02-27
TRADE_71,EUR/USD,115491.67628393066,1.201123382283198,2024-02-01
TRADE_72,EUR/USD,109170.4832766466,1.0722753546429191,2024-05-14
TRADE_73,EUR/USD,78997.97809324248,1.1624667573201934,2024-05-30
TRADE_74,EUR/USD,102440.26555070661,1.0942147434061151,2024-05-01
TRADE_75,EUR/USD,86963.26496300143,1.0896577547040447,2024-04-04
TRADE_76,EUR/USD,94372.89346643288,1.1229244975810109,2024-07-04
TRADE_77,EUR/USD,104790.02508622014,1.0516017392200552,2024-08-30
TRADE_78,EUR/USD,91673.51009251477,1.0585925385173784,2024-02-20
TRADE_79,EUR/USD,102698.48213674536,1.1066195440773716,2024-01-10
TRADE_80,EUR/USD,74458.71982560359,1.1252301423327973,2024-02-14
TRADE_81,EUR/USD,126899.19581341984,1.1391175563170193,2024-09-30
TRADE_82,EUR/USD,97662.9746167558,1.1480521510553763,2024-05-29
TRADE_83,EUR/USD,108902.29175529162,1.152351425553626,2024-02-15
TRADE_84,EUR/USD,103467.50902998644,1.0118959887076304,2024-06-13
TRADE_85,EUR/USD,117700.03794901852,1.1343760259279718,2024-02-13
TRADE_86,EUR/USD,134829.22000616233,1.0229218917025378,2024-02-23
TRADE_87,EUR/USD,127179.21438561022,1.0537400122917349,2024-06-17
TRADE_88,EUR/USD,108625.21308406112,1.1097024382655223,2024-07-18
TRADE_89,EUR/USD,143567.4806765644,1.0150433817396127,2024-06-10
TRADE_90,EUR/USD,137392.3801473746,1.088179533027501,2024-08-16
TRADE_91,EUR/USD,102303.14085477073,1.0791747223609751,2024-09-25
TRADE_92,EUR/USD,143297.19520651217,1.1761203784180683,2024-08-07
TRADE_93,EUR/USD,139675.48050646117,1.1858022773044907,2024-05-29
TRADE_94,EUR/USD,134881.04349358618,1.0913229236643684,2024-06-06
TRADE_95,EUR/USD,88453.15291962477,1.13940414707846,2024-07-23
TRADE_96,EUR/USD,105042.51689733876,1.1141081245352995,2024-03-20
TRADE_97,EUR/USD,122766.40237727418,1.1052846530925526,2024-04-09
TRADE_98,EUR/USD,62712.969211391246,1.0315064631437723,2024-07-16
TRADE_99,EUR/USD,104122.3538845177,1.1241337472673851,2024-05-27
TRADE_100,EUR/USD,85927.64153858763,1.099106741816509,2024-02-15
TRADE_101,EUR/USD,74466.53921700954,1.0479922239840873,2024-07-09
TRADE_102,EUR/USD,91073.2410429449,1.1522487960110392,2024-07-18
TRADE_103,EUR/USD,109069.50585877059,1.0978208699623115,2024-03-27
TRADE_104,EUR/USD,107999.67048437432,1.1242806124790243,2024-09-06
TRADE_105,EUR/USD,105222.05258280922,1.1123000033979158,2024-06-18
TRADE_106,EUR/USD,127610.3724684843,1.1364961247155705,2024-02-23
TRADE_107,EUR/USD,110885.21806150003,1.116122345045233,2024-08-08
TRADE_108,EUR/USD,128030.48140371674,1.1363146352666695,2024-09-02
TRADE_109,EUR/USD,104469.57898410245,1.071855208850053,2024-09-26
TRADE_110,EUR/USD,74631.85651810677,1.0923891432529556,2024-03-18
TRADE_111,EUR/USD,97378.97865054451,1.1590893777828493,2024-05-24
TRADE_112,EUR/USD,71290.87321208473,1.1671901869458234,2024-06-27
TRADE_113,EUR/USD,104123.95268177422,1.1824470461168095,2024-02-15
TRADE_114,EUR/USD,125941.4109636046,1.1822083913908559,2024-09-05
TRADE_115,EUR/USD,107842.30228218499,1.1161090690416813,2024-04-02
TRADE_116,EUR/USD,123923.30241096836,1.1314465366800133,2024-09-04
TRADE_117,EUR/USD,76209.63845553863,1.1950810693023668,2024-06-18
TRADE_118,EUR/USD,116971.87085346955,1.1086469408642532,2024-02-27
TRADE_119,EUR/USD,93934.75430886731,1.1315095204813383,2024-08-07
TRADE_120,EUR/USD,92949.17549029496,1.0713087927776717,2024-05-08
TRADE_121,EUR/USD,79101.91276354453,1.0998711355037694,2024-05-21
TRADE_122,EUR/USD,125510.17361239679,1.1907029504555842,2024-07-23
TRADE_123,EUR/USD,84022.14152437223,1.1243941934369486,2024-09-04
TRADE_124,EUR/USD,105393.6463873751,1.0720532413722534,2024-06-19
TRADE_125,EUR/USD,125624.87324824212,1.1412415893954078,2024-04-22
TRADE_126,EUR/USD,116426.80546867852,1.1925193502299452,2024-06-25
TRADE_127,EUR/USD,102091.04454739264,1.1498013659836435,2024-07-26
TRADE_128,EUR/USD,49142.02567829584,1.070507678161386,2024-07-09
TRADE_129,EUR/USD,76687.95018728948,1.0488024896635355,2024-01-26
TRADE_130,EUR/USD,119389.47442368901,1.1537608650332634,2024-09-20
TRADE_131,EUR/USD,101962.5298092551,1.102441289176562,2024-03-25
TRADE_132,EUR/USD,135992.3615647804,1.0331963116984475,2024-01-12
TRADE_133,EUR/USD,108542.9366566305,1.0757661090461397,2024-07-02
TRADE_134,EUR/USD,82532.79172671927,1.0783759186302693,2024-08-01
TRADE_135,EUR/USD,84882.36633278715,1.139987167828887,2024-05-17
TRADE_136,EUR/USD,104931.76397726893,1.1882083932168,2024-07-16
TRADE_137,EUR/USD,107576.14442858724,1.0811498699532842,2024-04-09
TRADE_138,EUR/USD,128233.35850304706,1.2180716705216028,2024-04-12
TRADE_139,EUR/USD,71004.50211502441,1.1078213767571137,2024-06-24
TRADE_140,EUR/USD,92334.17984580819,1.095128536292739,2024-03-25
TRADE_141,EUR/USD,113147.70692338285,1.0801019670938468,2024-07-25
TRADE_142,EUR/USD,128683.97257072337,1.0840999823115838,2024-01-31
TRADE_143,EUR/USD,118043.3224182638,1.0917023086144353,2024-07-03
TRADE_144,EUR/USD,78589.01385553407,1.0632869480003395,2024-08-27
TRADE_145,EUR/USD,104012.74966223731,1.0334728515685163,2024-01-02
TRADE_146,EUR/USD,111130.71596807944,1.1713936661981568,2024-01-09
TRADE_147,EUR/USD,102105.12694389808,1.0721720179345684,2024-03-08
TRADE_148,EUR/USD,111700.05804581354,1.133772184210722,2024-02-06
TRADE_149,EUR/USD,110262.54062235105,1.1812445569463745,2024-05-20
TRADE_150,EUR/USD,110386.30453117439,1.140298222738653,2024-04-19
TRADE_151,EUR/USD,64068.621020698934,1.0614980723927696,2024-08-13
TRADE_152,EUR/USD,101695.34209181932,1.1151198641903042,2024-01-05
TRADE_153,EUR/USD,108372.07179680339,1.1238942983046307,2024-07-24
TRADE_154,EUR/USD,103777.640485603,1.0966471869619177,2024-04-09
TRADE_155,EUR/USD,111224.13704652691,1.1525499652057625,2024-07-03
TRADE_156,EUR/USD,118042.94513364432,1.102424378088797,2024-07-22
TRADE_157,EUR/USD,92385.2869081491,1.0806264441608155,2024-02-12
TRADE_158,EUR/USD,113740.27486199483,1.0757957992260443,2024-09-11
TRADE_159,EUR/USD,71360.3838873272,1.028563815636054,2024-02-20
TRADE_160,EUR/USD,133658.89372660982,1.0919744848037747,2024-01-04
TRADE_161,EUR/USD,75972.65800029125,1.0514204122430255,2024-01-02
TRADE_162,EUR/USD,70528.04154267897,1.055645196565713,2024-09-26
TRADE_163,EUR/USD,93388.02285249738,1.1700810885332389,2024-03-21
TRADE_164,EUR/USD,114481.15215249344,1.1645690820921017,2024-09-17
TRADE_165,EUR/USD,97214.9033165616,1.125250403262766,2024-09-20
TRADE_166,EUR/USD,113236.79505316955,1.0418557385773681,2024-07-15
TRADE_167,EUR/USD,119735.06762831361,1.1112867057064244,2024-03-25
TRADE_168,EUR/USD,68070.9591940181,1.1784918672203197,2024-04-12
TRADE_169,EUR/USD,76435.8261128765,1.0248169787643617,2024-07-04
TRADE_170,EUR/USD,134535.908330541,1.0433882781822423,2024-02-26
TRADE_171,EUR/USD,57903.317729106704,1.0736795992684487,2024-01-10
TRADE_172,EUR/USD,73072.85574712491,1.1404684133371112,2024-03-07
TRADE_173,EUR/USD,129937.85237719517,1.0360217177605184,2024-09-17
TRADE_174,EUR/USD,66699.99670469142,1.1105375970903262,2024-04-19
TRADE_175,EUR/USD,79780.94593680126,1.0689404610872288,2024-02-15
TRADE_176,EUR/USD,104594.1686008575,0.9974148277489793,2024-08-30
TRADE_177,EUR/USD,57177.12229485005,1.1051637608646807,2024-06-28
TRADE_178,EUR/USD,86020.38360066875,1.1530318593769997,2024-04-19
TRADE_179,EUR/USD,57497.71918754267,1.157881901682079,2024-09-17
TRADE_180,EUR/USD,94429.35900200931,1.1861072206144407,2024-06-05
TRADE_181,EUR/USD,104483.63297808148,1.1841760104684131,2024-03-07
TRADE_182,EUR/USD,98809.40006718233,1.1401605571653703,2024-03-18
TRADE_183,EUR/USD,77102.83495687279,1.0743979381384423,2024-01-31
TRADE_184,EUR/USD,59198.63045119911,1.055158101690759,2024-08-02
TRADE_185,EUR/USD,89202.06133983943,1.0256046122603073,2024-02-19
TRADE_186,EUR/USD,103618.20055883417,1.0950038127180335,2024-03-27
TRADE_187,EUR/USD,81537.64851382111,1.1058104195052583,2024-08-23
TRADE_188,EUR/USD,101448.96968515684,1.1083932638921374,2024-01-08
TRADE_189,EUR/USD,100508.0124073014,1.1560767999124237,2024-07-17
TRADE_190,EUR/USD,136449.926876761,1.1053706358727922,2024-04-11
TRADE_191,EUR/USD,97428.08561954543,1.0312039889554914,2024-01-26
TRADE_192,EUR/USD,118306.94427802753,1.0808611733029614,2024-01-04
TRADE_193,EUR/USD,84940.92512511832,1.1570914409887163,2024-05-09
TRADE_194,EUR/USD,76012.6644818285,1.1339328817892496,2024-04-29
TRADE_195,EUR/USD,107662.10949256625,1.0703709303801812,2024-03-25
TRADE_196,EUR/USD,104956.06616935645,1.1317683783315113,2024-05-17
TRADE_197,EUR/USD,106461.34666946907,1.0802043711177294,2024-04-03
TRADE_198,EUR/USD,56993.01648907001,1.1754195298513328,2024-03-18
TRADE_199,EUR/USD,123197.48566287957,1.0522450721275944,2024-05-10
TRADE_200,EUR/USD,92312.64222635126,1.0854169351680532,2024-02-19
TRADE_201,EUR/USD,131322.90085117216,1.1374930312919962,2024-08-07
TRADE_202,EUR/USD,67587.03826747439,0.9941637397066136,2024-09-25
TRADE_203,EUR/USD,119147.69285632056,1.0680025100595198,2024-09-06
TRADE_204,EUR/USD,86460.84760518778,1.1019803152941994,2024-04-23
TRADE_205,EUR/USD,141758.1173554609,1.1654112288029919,2024-02-22
TRADE_206,EUR/USD,112136.59527699315,1.10073312821554,2024-06-10
TRADE_207,EUR/USD,112125.48849754453,1.04262717765615,2024-07-12
TRADE_208,EUR/USD,100638.86667687014,1.1666894281767688,2024-09-10
TRADE_209,EUR/USD,91861.59675055224,1.1519532741450769,2024-07-05
TRADE_210,EUR/USD,137780.32238653387,1.0471860367391665,2024-01-17
TRADE_211,EUR/USD,88777.03635302573,1.1154246710224094,2024-07-22
TRADE_212,EUR/USD,98831.50305073397,1.011494166618447,2024-08-27
TRADE_213,EUR/USD,116368.0111945218,1.0246586818514658,2024-03-21
TRADE_214,EUR/USD,102125.34704542633,1.1340712841001994,2024-08-27
TRADE_215,EUR/USD,98859.25053033198,1.1310878534109854,2024-02-27
TRADE_216,EUR/USD,106474.13930036339,1.150850820065968,2024-06-06
TRADE_217,EUR/USD,152562.031690473,1.081384219609382,2024-06-06
TRADE_218,EUR/USD,103305.37502538301,1.1046960580282714,2024-02-26
TRADE_219,EUR/USD,80840.62017184676,1.1800285987144712,2024-07-10
TRADE_220,EUR/USD,102966.06825555798,1.1142116220030662,2024-01-16
TRADE_221,EUR/USD,108265.33842884508,1.1588484090496416,2024-05-10
TRADE_222,EUR/USD,101622.16441568933,1.1371616825734328,2024-03-12
TRADE_223,EUR/USD,108459.8899293592,1.1790732856048833,2024-08-05
TRADE_224,EUR/USD,115647.83757417463,1.1335031375266986,2024-09-02
TRADE_225,EUR/USD,76971.92347192517,1.130344976863413,2024-05-13
TRADE_226,EUR/USD,103840.05060055449,1.06155728812752,2024-03-26
TRADE_227,EUR/USD,79717.8414096097,1.1402398146122363,2024-01-11
TRADE_228,EUR/USD,91635.65409440672,0.9695787051862127,2024-03-05
TRADE_229,EUR/USD,80397.47781755758,1.0638405300895197,2024-05-08
TRADE_230,EUR/USD,99539.09296190162,1.0664406648900921,2024-06-21
TRADE_231,EUR/USD,103944.17762507449,1.2007596057870678,2024-05-28
TRADE_232,EUR/USD,76974.59490380259,1.1261285870024225,2024-04-23
TRADE_233,EUR/USD,80086.21168045381,1.1749653535548024,2024-03-12
TRADE_234,EUR/USD,57675.044334480845,1.1400107827547832,2024-06-19
TRADE_235,EUR/USD,75217.09459918148,1.1064362431027492,2024-09-27
TRADE_236,EUR/USD,97241.5198934413,0.9592645992658647,2024-07-22
TRADE_237,EUR/USD,113103.28052670727,1.1116546651423311,2024-09-24
TRADE_238,EUR/USD,86845.48559243281,1.0423361227004904,2024-02-26
TRADE_239,EUR/USD,102102.30269491176,1.0357263879279905,2024-09-09
TRADE_240,EUR/USD,93109.92484415314,1.1012033700267614,2024-07-01
TRADE_241,EUR/USD,93571.24347447667,1.092874402702018,2024-07-24
TRADE_242,EUR/USD,89064.5293949798,1.0724776577187476,2024-01-22
TRADE_243,EUR/USD,127627.34856700501,1.062111948657305,2024-05-30
TRADE_244,EUR/USD,96914.48143486601,1.0856829937284036,2024-02-13
TRADE_245,EUR/USD,134264.7428423997,1.1622866591483816,2024-09-16
TRADE_246,EUR/USD,86238.05831128276,1.0925104109436459,2024-08-28
TRADE_247,EUR/USD,49794.08899788821,1.114312662528903,2024-08-19
TRADE_248,EUR/USD,101082.14982353785,1.1421563731892974,2024-08-15
TRADE_249,EUR/USD,133557.0607572416,1.0274768005929484,2024-02-02
TRADE_250,EUR/USD,110816.90530137529,1.1252572283419864,2024-05-06
TRADE_251,EUR/USD,80989.01982084049,1.0219798247995828,2024-04-08
TRADE_252,EUR/USD,74288.32637201957,1.0543636317412337,2024-01-11
TRADE_253,EUR/USD,89176.99250516515,1.064616110709245,2024-08-02
TRADE_254,EUR/USD,69039.53335058977,1.1193371815328514,2024-04-18
TRADE_255,EUR/USD,110760.55199525817,1.1054544333134666,2024-08-16
TRADE_256,EUR/USD,75313.65555801465,1.0846370572743322,2024-05-20
TRADE_257,EUR/USD,91214.91504265805,1.0673863641746235,2024-06-07
TRADE_258,EUR/USD,97584.5509212103,1.0935052013302828,2024-09-05
TRADE_259,EUR/USD,75022.35743128194,1.1108269105406254,2024-01-05
TRADE_260,EUR/USD,91749.57405173652,1.0321775463193064,2024-02-12
TRADE_261,EUR/USD,108449.43187309682,1.1245542611239754,2024-03-05
TRADE_262,EUR/USD,75513.2829122492,1.058058770426478,2024-02-07
TRADE_263,EUR/USD,76123.17360503353,1.1357396404563507,2024-07-03
TRADE_264,EUR/USD,48692.22517827474,1.1160062101915253,2024-03-04
TRADE_265,EUR/USD,82265.73137629537,1.2145229050196495,2024-03-11
TRADE_266,EUR/USD,93142.55538854741,1.1256827939489262,2024-05-17
TRADE_267,EUR/USD,78438.44155625964,1.0534556050018307,2024-07-19
TRADE_268,EUR/USD,138493.83486381592,1.1541970894424147,2024-09-18
TRADE_269,EUR/USD,115020.42996343036,1.1066299698994477,2024-06-12
TRADE_270,EUR/USD,107586.64397680244,1.0514119071886525,2024-08-08
TRADE_271,EUR/USD,85368.34390969232,1.1249406202333183,2024-09-05
TRADE_272,EUR/USD,104916.88272053716,1.2153849424740721,2024-07-09
TRADE_273,EUR/USD,122592.31553330712,1.1213317552555027,2024-03-12
TRADE_274,EUR/USD,89197.9584255714,1.139649445046082,2024-08-30
TRADE_275,EUR/USD,135989.64309514847,1.048738443477788,2024-05-06
TRADE_276,EUR/USD,102968.29999178315,1.0515109566218444,2024-03-01
TRADE_277,EUR/USD,81959.40645423651,1.1543895170685678,2024-07-17
TRADE_278,EUR/USD,121086.28590387723,1.1381588336394126,2024-03-28
TRADE_279,EUR/USD,103337.38074234327,1.1611957230449728,2024-07-22
TRADE_280,EUR/USD,72705.30137713862,1.0813800807999459,2024-03-12
TRADE_281,EUR/USD,105420.14815045794,1.0879708794336083,2024-04-18
TRADE_282,EUR/USD,112272.33803383385,1.0885343031033594,2024-09-09
TRADE_283,EUR/USD,96648.41677414934,1.124349274562684,2024-05-22
TRADE_284,EUR/USD,102668.1414846965,1.19764353106649,2024-02-27
TRADE_285,EUR/USD,90836.13100609841,1.0977175615154158,2024-06-07
TRADE_286,EUR/USD,100435.5686086795,1.0675164631142784,2024-02-19
TRADE_287,EUR/USD,101852.26345548769,1.0907927901154826,2024-04-22
TRADE_288,EUR/USD,80081.62276774393,0.9903653322716783,2024-07-04
TRADE_289,EUR/USD,70408.93340467926,1.1106190448555564,2024-03-20
TRADE_290,EUR/USD,93890.62683155137,1.1521072351592152,2024-05-28
TRADE_291,EUR/USD,84051.63098904857,1.1356970963806763,2024-06-10
TRADE_292,EUR/USD,91936.50533583875,1.0467511534135465,2024-07-29
TRADE_293,EUR/USD,105189.68243888461,1.0555022441580848,2024-07-24
TRADE_294,EUR/USD,77544.66902540227,1.1640451070886348,2024-07-12
TRADE_295,EUR/USD,117791.77531057852,1.0917868348899573,2024-01-29
TRADE_296,EUR/USD,96434.77986767096,1.1387906199252775,2024-09-05
TRADE_297,EUR/USD,54950.51679755867,1.0881661851135855,2024-08-06
TRADE_298,EUR/USD,122900.15277001941,1.1002692080061538,2024-07-16
TRADE_299,EUR/USD,64458.36362117921,1.133919043989278,2024-07-02
TRADE_300,EUR/USD,92273.4610508407,1.154799857876993,2024-05-31
TRADE_301,EUR/USD,98432.13074854884,1.117190628807657,2024-02-22
TRADE_302,EUR/USD,120605.5518733635,1.1246493901987809,2024-05-20
TRADE_303,EUR/USD,88247.15186979229,1.0755817759720845,2024-03-19
TRADE_304,EUR/USD,121381.0110312232,0.9426030834958651,2024-07-09
TRADE_305,EUR/USD,91456.07502577237,1.141527603598443,2024-08-29
TRADE_306,EUR/USD,108898.21524856817,1.1146766507580632,2024-05-23
TRADE_307,EUR/USD,104880.7622887005,1.045771204442055,2024-02-29
TRADE_308,EUR/USD,100406.72939354066,1.0659485211263,2024-03-26
TRADE_309,EUR/USD,93341.63507956786,1.1404517378781924,2024-05-13
TRADE_310,EUR/USD,65942.50002532295,1.1256618568547068,2024-03-27
TRADE_311,EUR/USD,82714.90545913637,1.0690090061685011,2024-03-13
TRADE_312,EUR/USD,99968.98468535808,1.1138691221759396,2024-06-06
TRADE_313,EUR/USD,88567.630462194,1.121904613160725,2024-01-22
TRADE_314,EUR/USD,98108.43049097064,1.1341550472065716,2024-01-02
TRADE_315,EUR/USD,104451.6783971493,1.0319305560300478,2024-03-19
TRADE_316,EUR/USD,88670.11908431219,1.0821422715445637,2024-08-23
TRADE_317,EUR/USD,114867.55051807174,1.0733868772049133,2024-08-16
TRADE_318,EUR/USD,107490.70741619343,1.1149453994191583,2024-01-04
TRADE_319,EUR/USD,89038.412059678,1.173325654261421,2024-08-21
TRADE_320,EUR/USD,95146.64843879019,1.0434426266769115,2024-03-14
TRADE_321,EUR/USD,105790.58527861864,1.1053731770683786,2024-01-18
TRADE_322,EUR/USD,95849.00248662019,1.0560647625355448,2024-09-27
TRADE_323,EUR/USD,57343.40685250358,0.9600247077231313,2024-09-06
TRADE_324,EUR/USD,90599.40824893398,1.13732455898565,2024-03-06
TRADE_325,EUR/USD,83731.20538659586,1.0876337214658394,2024-08-23
TRADE_326,EUR/USD,80784.48785979816,1.1709689267212624,2024-06-28
TRADE_327,EUR/USD,91392.1300037726,1.0825155455538606,2024-02-23
TRADE_328,EUR/USD,68864.18510378123,1.1265182861200462,2024-04-22
TRADE_329,EUR/USD,115393.99103230659,1.038684003134633,2024-08-13
TRADE_330,EUR/USD,93999.62520963872,1.1023650494134316,2024-04-02
TRADE_331,EUR/USD,93006.748429973,1.0269188656349333,2024-06-17
TRADE_332,EUR/USD,126047.40505931896,1.1343193834022653,2024-02-23
TRADE_333,EUR/USD,133006.63822259562,0.9999855863854203,2024-02-15
TRADE_334,EUR/USD,68101.54160361034,0.9779431642762717,2024-09-13
TRADE_335,EUR/USD,168297.10510096225,1.0557080914882242,2024-03-08
TRADE_336,EUR/USD,69780.54319944652,1.054893765395431,2024-01-02
TRADE_337,EUR/USD,141698.06413165852,1.0824179801341827,2024-07-12
TRADE_338,EUR/USD,85308.95045514696,1.143350456244512,2024-05-22
TRADE_339,EUR/USD,119307.5956295787,1.0688152202302892,2024-08-20
TRADE_340,EUR/USD,83129.23185953015,1.0109181798690965,2024-05-29
TRADE_341,EUR/USD,79996.07642803222,1.0259345284783576,2024-02-13
TRADE_342,EUR/USD,76646.26684324718,1.0970998359011124,2024-01-10
TRADE_343,EUR/USD,59072.151328165135,1.1136716073110915,2024-02-19
TRADE_344,EUR/USD,103266.42487487766,1.157037958223454,2024-06-26
TRADE_345,EUR/USD,96589.51873839484,1.1127352116420468,2024-08-23
TRADE_346,EUR/USD,119736.85123205344,1.07117150272297,2024-08-19
TRADE_347,EUR/USD,97112.28033102378,1.1508125358561743,2024-07-22
TRADE_348,EUR/USD,90160.47527091761,1.1241820277299421,2024-07-11
TRADE_349,EUR/USD,134523.9937537575,1.1192108762329283,2024-08-01
TRADE_350,EUR/USD,103967.15978178986,1.1193678996037584,2024-07-31
TRADE_351,EUR/USD,86397.75898903141,1.0105489022339624,2024-03-13
TRADE_352,EUR/USD,112446.88732214087,1.1209879743811209,2024-01-31
TRADE_353,EUR/USD,105967.58736258693,1.0285350023690367,2024-08-15
TRADE_354,EUR/USD,100128.11842423564,1.1182650661356617,2024-04-16
TRADE_355,EUR/USD,116515.3217476167,1.0675590764786225,2024-05-30
TRADE_356,EUR/USD,95178.98734574977,1.0785667786743591,2024-01-23
TRADE_357,EUR/USD,90870.94385697474,1.088891552855268,2024-01-10
TRADE_358,EUR/USD,120306.14854319785,1.125256128581823,2024-09-27
TRADE_359,EUR/USD,80841.6290525605,1.1507029828902313,2024-04-10
TRADE_360,EUR/USD,103149.24915336481,1.1256343729489908,2024-02-14
TRADE_361,EUR/USD,100118.40357060898,1.0708045188973339,2024-03-21
TRADE_362,EUR/USD,97444.54312693505,1.1785001991970216,2024-07-30
TRADE_363,EUR/USD,70122.49831879599,1.0374342682051167,2024-04-05
TRADE_364,EUR/USD,60264.79010396032,1.1306856877833247,2024-03-19
TRADE_365,EUR/USD,96508.84076590132,1.1369031596490893,2024-01-23
TRADE_366,EUR/USD,153908.4001599165,1.1182390288410333,2024-06-24
TRADE_367,EUR/USD,119437.50755383019,1.1775138840755388,2024-08-30
TRADE_368,EUR/USD,105678.77619969424,1.1298472878912877,2024-01-10
TRADE_369,EUR/USD,127223.52462342403,1.0886355883743999,2024-04-23
TRADE_370,EUR/USD,77324.27232953267,1.172400485394344,2024-04-08
TRADE_371,EUR/USD,116051.70605142871,1.118005822918984,2024-05-06
TRADE_372,EUR/USD,84502.01999347509,1.0287777270321938,2024-08-20
TRADE_373,EUR/USD,89854.00776868835,1.1573904972599707,2024-05-21
TRADE_374,EUR/USD,90663.40529505903,1.1314966805731823,2024-02-27
TRADE_375,EUR/USD,91290.16452661087,1.168077300666243,2024-06-05
TRADE_376,EUR/USD,75829.02681662288,0.9850103550126583,2024-09-02
TRADE_377,EUR/USD,130131.00289872865,1.0987257673274593,2024-05-31
TRADE_378,EUR/USD,87694.2510296149,1.0301117258094978,2024-07-30
TRADE_379,EUR/USD,77038.63215800603,1.127954536124364,2024-02-16
TRADE_380,EUR/USD,119733.74926698962,1.1531174984514312,2024-04-24
TRADE_381,EUR/USD,53458.06337115558,1.0191148551410114,2024-06-04
TRADE_382,EUR/USD,84807.28057202994,1.1247629167071762,2024-09-30
TRADE_383,EUR/USD,133249.76378311886,1.1089438740401727,2024-03-25
TRADE_384,EUR/USD,84870.07241412501,1.04682213860052,2024-02-05
TRADE_385,EUR/USD,123481.31763840663,1.128391178544748,2024-08-05
TRADE_386,EUR/USD,61800.38086853505,1.104232684335681,2024-06-07
TRADE_387,EUR/USD,91096.37942736318,1.0297312769497078,2024-02-02
TRADE_388,EUR/USD,103324.43723714494,1.0945163530949595,2024-05-16
TRADE_389,EUR/USD,51412.015578712984,1.061102013361132,2024-09-24
TRADE_390,EUR/USD,82901.62936970718,1.1256645438063169,2024-06-13
TRADE_391,EUR/USD,75455.75116674505,1.0603778226800085,2024-08-26
TRADE_392,EUR/USD,99908.64603649979,1.0191312697457036,2024-02-26
TRADE_393,EUR/USD,90667.63303493669,1.1215401008898371,2024-07-26
TRADE_394,EUR/USD,81090.7857944835,1.0239341349078765,2024-04-25
TRADE_395,EUR/USD,118686.8567971033,1.0226679398146525,2024-06-26
TRADE_396,EUR/USD,90504.38905137044,1.0340740233417443,2024-01-30
TRADE_397,EUR/USD,84579.08398686048,0.9873137225088358,2024-09-18
TRADE_398,EUR/USD,99389.64789484949,1.1038971770467392,2024-07-01
TRADE_399,EUR/USD,82580.08487030402,1.1231433604405803,2024-03-05
TRADE_400,EUR/USD,95584.88898819563,0.9777209841075165,2024-05-21
TRADE_401,EUR/USD,103086.80172955863,1.1347017903771195,2024-06-25
TRADE_402,EUR/USD,90307.97909140645,1.0977403936252268,2024-07-12
TRADE_403,EUR/USD,121502.75492670893,1.0149032850288877,2024-06-25
TRADE_404,EUR/USD,102513.3559707924,1.1269990502119616,2024-03-11
TRADE_405,EUR/USD,90871.64884126747,0.9615779314982539,2024-05-27
TRADE_406,EUR/USD,99649.05891547521,1.0815346657951304,2024-03-26
TRADE_407,EUR/USD,92262.397290748,1.0444168573356356,2024-09-12
TRADE_408,EUR/USD,94856.7192430039,1.181765150025716,2024-04-22
TRADE_409,EUR/USD,96762.52242595624,1.114662544373328,2024-07-08
TRADE_410,EUR/USD,73785.30399386087,1.0101672329019142,2024-06-10
TRADE_411,EUR/USD,96385.64599308852,1.1773320965095442,2024-07-31
TRADE_412,EUR/USD,111653.25247165316,1.0517907642581914,2024-04-16
TRADE_413,EUR/USD,98036.71780636371,1.0098646851725208,2024-05-03
TRADE_414,EUR/USD,102751.35906024743,1.1885371734840324,2024-06-17
TRADE_415,EUR/USD,106701.45573111613,1.0731557252111636,2024-08-19
TRADE_416,EUR/USD,105148.1221040164,1.00166215479515,2024-06-27
TRADE_417,EUR/USD,108800.5822391519,1.1420013828909992,2024-08-28
TRADE_418,EUR/USD,111454.52760538632,1.0892841239747622,2024-06-06
TRADE_419,EUR/USD,131877.13511018732,1.01973935425159,2024-07-08
TRADE_420,EUR/USD,79203.48005923096,1.0916074848034856,2024-02-02
TRADE_421,EUR/USD,91965.10258780608,1.088807981082926,2024-05-01
TRADE_422,EUR/USD,95325.45468281466,0.9904744929644934,2024-04-12
TRADE_423,EUR/USD,106591.85140275079,1.0787192046329934,2024-01-29
TRADE_424,EUR/USD,96005.36844878587,1.0976098200671722,2024-07-18
TRADE_425,EUR/USD,132467.16769600476,1.07907136867404,2024-02-23
TRADE_426,EUR/USD,112141.36886252905,1.1015852880383277,2024-01-17
TRADE_427,EUR/USD,90767.45438846415,1.1235166371175085,2024-05-16
TRADE_428,EUR/USD,113237.68361968356,1.1742909831440385,2024-01-19
TRADE_429,EUR/USD,77804.70953174318,1.0821780729250388,2024-06-28
TRADE_430,EUR/USD,123980.70941442723,1.0229510025625606,2024-04-25
TRADE_431,EUR/USD,100858.82806023963,1.1309675463712314,2024-09-16
TRADE_432,EUR/USD,84196.85696211606,1.1331777274950576,2024-01-02
TRADE_433,EUR/USD,81936.47575651256,1.1204785350802093,2024-09-03
TRADE_434,EUR/USD,82574.26688083413,1.1372386392128135,2024-09-02
TRADE_435,EUR/USD,104753.16865766932,1.0436684757192676,2024-08-30
TRADE_436,EUR/USD,99405.75929139703,1.0728249360885882,2024-02-12
TRADE_437,EUR/USD,72184.30813532458,1.1079614938118776,2024-04-04
TRADE_438,EUR/USD,91050.65898639358,1.0509290573316485,2024-01-01
TRADE_439,EUR/USD,113907.20454475626,1.1218164196397582,2024-07-11
TRADE_440,EUR/USD,91146.28300106621,1.0743277750888893,2024-05-15
TRADE_441,EUR/USD,68880.85554040293,1.1305270541267367,2024-09-23
TRADE_442,EUR/USD,118798.21734423486,0.9804523992291977,2024-07-08
TRADE_443,EUR/USD,104529.57995895125,1.1451239908423207,2024-04-23
TRADE_444,EUR/USD,140353.6741844636,0.9509680615129201,2024-01-09
TRADE_445,EUR/USD,120802.86687126743,1.0058924873084885,2024-07-05
TRADE_446,EUR/USD,101392.47254825485,1.039418568636857,2024-02-23
TRADE_447,EUR/USD,87549.66108483581,1.0731150245501642,2024-02-23
TRADE_448,EUR/USD,121776.70111012644,1.026153389538047,2024-03-25
TRADE_449,EUR/USD,116539.11607335768,1.1359550779490137,2024-01-19
TRADE_450,EUR/USD,97539.85199013003,1.107125074765508,2024-02-19
TRADE_451,EUR/USD,93374.78943246037,1.1700382195846486,2024-08-26
TRADE_452,EUR/USD,99767.53562971724,1.0641777651892714,2024-02-02
TRADE_453,EUR/USD,136362.059126357,1.1560872569163418,2024-01-12
TRADE_454,EUR/USD,89019.14819473316,1.1006472733426431,2024-02-02
TRADE_455,EUR/USD,86763.96080111737,1.0537870033678085,2024-01-02
TRADE_456,EUR/USD,75852.19786663818,1.0966945134492272,2024-05-02
TRADE_457,EUR/USD,138995.4887725074,1.2374688669964922,2024-05-24
TRADE_458,EUR/USD,109261.35156294277,1.0050245127432915,2024-09-17
TRADE_459,EUR/USD,138226.53003721603,1.1001232060831738,2024-02-26
TRADE_460,EUR/USD,102475.18984889849,1.1312757102404858,2024-06-20
TRADE_461,EUR/USD,131637.7634528286,1.0731139700810448,2024-09-30
TRADE_462,EUR/USD,117921.23066532213,1.1079452900659499,2024-01-18
TRADE_463,EUR/USD,103463.0151015347,1.0540301289510499,2024-04-12
TRADE_464,EUR/USD,108040.86138332919,0.999134909712587,2024-09-10
TRADE_465,EUR/USD,88209.51001547114,1.0866171554840343,2024-06-21
TRADE_466,EUR/USD,87821.48788362507,1.0596799845754008,2024-03-26
TRADE_467,EUR/USD,91200.98852287856,1.081038214201675,2024-02-13
TRADE_468,EUR/USD,83728.90173434958,1.106870630504961,2024-02-07
TRADE_469,EUR/USD,107985.8308784012,1.1474389543500356,2024-08-13
TRADE_470,EUR/USD,101771.7675152797,1.1316439478043168,2024-08-07
TRADE_471,EUR/USD,83641.39942096216,1.1294733355384403,2024-06-05
TRADE_472,EUR/USD,85235.1613444646,1.0510200139332582,2024-05-23
TRADE_473,EUR/USD,93613.22864785852,1.1321110270895565,2024-07-25
TRADE_474,EUR/USD,91795.55722068054,1.1481736270377114,2024-04-03
TRADE_475,EUR/USD,116888.92262178587,1.0918317472739578,2024-08-20
TRADE_476,EUR/USD,108817.77266089522,1.0812023016426537,2024-03-27
TRADE_477,EUR/USD,83195.37551819655,1.0923318160465865,2024-01-19
TRADE_478,EUR/USD,101667.04098101427,1.1016832845573399,2024-04-10
TRADE_479,EUR/USD,89962.48640266113,1.164189561223001,2024-01-11
TRADE_480,EUR/USD,119242.21033344536,1.0873824761075626,2024-03-12
TRADE_481,EUR/USD,94464.5159984967,1.1647452508207754,2024-08-09
TRADE_482,EUR/USD,111545.18478337469,1.153563887296336,2024-01-04
TRADE_483,EUR/USD,127659.45035153975,1.169372363686117,2024-02-16
TRADE_484,EUR/USD,84534.99533313226,1.0761894009654869,2024-02-01
TRADE_485,EUR/USD,88592.77753093708,1.0379117070860155,2024-06-10
TRADE_486,EUR/USD,107853.57370373078,1.1731032356177238,2024-06-04
TRADE_487,EUR/USD,82238.67044357726,1.1147182441035441,2024-03-01
TRADE_488,EUR/USD,118882.75400768554,1.1687721198078116,2024-02-14
TRADE_489,EUR/USD,84297.3485046924,1.166695067347497,2024-02-01
TRADE_490,EUR/USD,107928.85603734256,1.0257130257746436,2024-04-12
TRADE_491,EUR/USD,98601.98462509082,1.1250803181410711,2024-04-05
TRADE_492,EUR/USD,76416.91359946967,1.1405947337382427,2024-02-20
TRADE_493,EUR/USD,73175.7243744063,1.1362731897109524,2024-01-29
TRADE_494,EUR/USD,93555.7198961851,1.130232715053937,2024-02-28
TRADE_495,EUR/USD,103176.39890385249,1.1063294175670697,2024-07-16
TRADE_496,EUR/USD,129642.38437645664,1.0560639946116133,2024-07-09
TRADE_497,EUR/USD,115573.73693770764,1.1301510667372099,2024-03-28
TRADE_498,EUR/USD,62381.708825078495,1.1016975016418646,2024-03-21
TRADE_499,EUR/USD,98704.87610824469,1.1210788486593508,2024-09-25
TRADE_500,EUR/USD,92923.84479483936,1.1110383915259172,2024-09-25
TRADE_501,EUR/USD,102168.72027314515,1.107891565158516,2024-04-30
TRADE_502,EUR/USD,84204.18937118436,1.1232668621635948,2024-02-14
TRADE_503,EUR/USD,96688.1768177321,1.0568845966243707,2024-03-25
TRADE_504,EUR/USD,102565.02506279893,1.072073400693891,2024-05-30
TRADE_505,EUR/USD,118903.08550075322,1.0937968474126516,2024-05-03
TRADE_506,EUR/USD,73266.77390084503,1.1246870691359385,2024-03-15
TRADE_507,EUR/USD,60727.61096342346,1.1029825183934723,2024-07-29
TRADE_508,EUR/USD,96760.00805847568,1.0795109255176571,2024-08-22
TRADE_509,EUR/USD,108766.34907570742,1.1063585962381406,2024-05-28
TRADE_510,EUR/USD,77367.98882342014,1.0664358579300361,2024-02-01
TRADE_511,EUR/USD,100835.24948738118,1.1740732955047064,2024-08-14
TRADE_512,EUR/USD,116823.91139227281,1.1569723559864025,2024-05-27
TRADE_513,EUR/USD,77725.48775308748,1.1629090454423714,2024-01-12
TRADE_514,EUR/USD,89710.65014283783,1.136088441517753,2024-07-23
TRADE_515,EUR/USD,91910.81619792455,1.0407948961326225,2024-03-21
TRADE_516,EUR/USD,88858.15169833673,1.1470932227186168,2024-07-18
TRADE_517,EUR/USD,87097.90219461134,1.091216170666307,2024-07-02
TRADE_518,EUR/USD,99911.38431411196,1.0702722398024505,2024-08-28
TRADE_519,EUR/USD,99174.23548355166,1.0207590114347225,2024-02-27
TRADE_520,EUR/USD,99619.9090885269,1.0660609939337429,2024-09-05
TRADE_521,EUR/USD,90606.38459037727,1.1305169549921676,2024-06-25
TRADE_522,EUR/USD,98491.45283581971,1.1274016867401369,2024-02-26
TRADE_523,EUR/USD,95942.2755181643,1.0602954504664572,2024-02-02
TRADE_524,EUR/USD,86302.43108408737,1.1423967042727368,2024-08-07
TRADE_525,EUR/USD,97449.82747775111,1.029301932790842,2024-09-23
TRADE_526,EUR/USD,103865.57672693893,1.1475440474559073,2024-08-21
TRADE_527,EUR/USD,110392.13394536979,1.0952643138027955,2024-06-05
TRADE_528,EUR/USD,52784.485274194696,1.0318487157443854,2024-01-17
TRADE_529,EUR/USD,109149.06008651717,1.070179357145128,2024-06-18
TRADE_530,EUR/USD,105641.05263611912,0.9299525823777886,2024-08-02
TRADE_531,EUR/USD,68365.4291115904,1.1447893158333886,2024-04-05
TRADE_532,EUR/USD,133850.2464763897,1.0375467130856793,2024-03-15
TRADE_533,EUR/USD,117304.72049932618,1.1159080775161438,2024-01-12
TRADE_534,EUR/USD,76914.96617526154,1.0620401633669438,2024-07-09
TRADE_535,EUR/USD,88973.28264044004,1.068216413866723,2024-01-02
TRADE_536,EUR/USD,104493.2828398961,1.0114421736482206,2024-04-23
TRADE_537,EUR/USD,110896.76687132793,1.1157812366753803,2024-01-04
TRADE_538,EUR/USD,81357.81993796295,1.1357727754124682,2024-02-13
TRADE_539,EUR/USD,78448.14036937163,1.0822924500592244,2024-02-20
TRADE_540,EUR/USD,98461.15342578334,1.0587747050111553,2024-08-19
TRADE_541,EUR/USD,84637.69382817247,1.0276507404633612,2024-08-07
TRADE_542,EUR/USD,136919.3133415871,1.0864521379778194,2024-01-18
TRADE_543,EUR/USD,97512.8172276099,1.0341167150936028,2024-06-12
TRADE_544,EUR/USD,90145.810091623,1.0777811696465827,2024-07-12
TRADE_545,EUR/USD,65797.91922626022,1.0797591360389445,2024-08-26
TRADE_546,EUR/USD,84502.45896287756,1.1579514241647733,2024-06-26
TRADE_547,EUR/USD,85918.03245353214,1.1989278395874838,2024-07-10
TRADE_548,EUR/USD,73794.49061369644,1.1517115496925943,2024-08-16
TRADE_549,EUR/USD,81303.30675259946,1.1137064002898065,2024-03-06
TRADE_550,EUR/USD,102091.55964153152,1.1567722021227955,2024-09-25
TRADE_551,EUR/USD,112127.85477707878,1.1125248499143934,2024-04-19
TRADE_552,EUR/USD,108272.70093326946,1.074928480827099,2024-01-19
TRADE_553,EUR/USD,152572.97173471435,1.0808445508574174,2024-02-08
TRADE_554,EUR/USD,118543.76072026111,1.062308998127775,2024-04-02
TRADE_555,EUR/USD,89927.45609175213,1.126019803768648,2024-07-30
TRADE_556,EUR/USD,116855.42420767227,1.1111385330062409,2024-08-26
TRADE_557,EUR/USD,116440.96787186676,1.1530249851742558,2024-03-21
TRADE_558,EUR/USD,87297.92963660481,1.0226158107838708,2024-09-24
TRADE_559,EUR/USD,100312.93651363373,1.1309156241848377,2024-04-16
TRADE_560,EUR/USD,110012.06793676782,1.0087924388566654,2024-05-30
TRADE_561,EUR/USD,88244.43265620882,1.0249040797521614,2024-06-17
TRADE_562,EUR/USD,81992.33708205605,1.2260076346259758,2024-06-14
TRADE_563,EUR/USD,107299.9399952432,1.0632080646015984,2024-01-01
TRADE_564,EUR/USD,55664.662284324586,1.0601467439148498,2024-01-23
TRADE_565,EUR/USD,101046.60051646305,1.138490852740992,2024-06-21
TRADE_566,EUR/USD,85792.82331012154,1.0198249014281815,2024-06-04
TRADE_567,EUR/USD,116242.73505648562,1.0638660401192837,2024-05-03
TRADE_568,EUR/USD,122599.43068547791,1.1182304482852172,2024-04-11
TRADE_569,EUR/USD,113314.98897411222,1.089471284172477,2024-05-23
TRADE_570,EUR/USD,129237.69974629935,1.0968459214850956,2024-08-28
TRADE_571,EUR/USD,55142.95311022699,0.9826427085550431,2024-05-28
TRADE_572,EUR/USD,74265.08167266664,1.0991494938682744,2024-08-30
TRADE_573,EUR/USD,99050.00404090853,1.133210473765274,2024-09-19
TRADE_574,EUR/USD,74045.25361673112,1.1074525744103734,2024-07-25
TRADE_575,EUR/USD,77734.63546487341,1.0518614670878133,2024-05-28
TRADE_576,EUR/USD,102559.3595818662,1.0488726721663977,2024-08-19
TRADE_577,EUR/USD,124237.99584024455,1.0954627242005797,2024-02-23
TRADE_578,EUR/USD,90258.5402980048,1.0776556801267534,2024-09-16
TRADE_579,EUR/USD,118994.61999144766,1.1221294328363758,2024-07-03
TRADE_580,EUR/USD,112328.44280496237,1.0442422977005144,2024-09-18
TRADE_581,EUR/USD,124223.12096287649,1.2254397755523931,2024-03-04
TRADE_582,EUR/USD,102331.40372442795,1.149101889912367,2024-06-21
TRADE_583,EUR/USD,120585.91472920784,1.1132018457342203,2024-04-03
TRADE_584,EUR/USD,85621.74337610567,1.0442690942250086,2024-06-25
TRADE_585,EUR/USD,87567.00184634895,1.088859712176906,2024-08-02
TRADE_586,EUR/USD,108022.72278644632,1.072215238697322,2024-03-28
TRADE_587,EUR/USD,70353.95310575729,1.0701628485841446,2024-08-23
TRADE_588,EUR/USD,91633.68909180196,1.1725769725597202,2024-02-29
TRADE_589,EUR/USD,126642.10064702417,1.1312183665500388,2024-03-04
TRADE_590,EUR/USD,100549.3476074363,1.1517974915953204,2024-03-15
TRADE_591,EUR/USD,95751.40695056677,1.0858830651689486,2024-08-30
TRADE_592,EUR/USD,110500.27056382336,1.1298403164296205,2024-08-08
TRADE_593,EUR/USD,64865.2375387231,1.0449733159023895,2024-02-14
TRADE_594,EUR/USD,86738.00333716281,1.137969028560685,2024-03-21
TRADE_595,EUR/USD,112238.20901421165,1.0319656849086087,2024-03-19
TRADE_596,EUR/USD,96973.60015494241,1.1574229955785351,2024-04-02
TRADE_597,EUR/USD,101987.05801907254,1.038765302526853,2024-05-03
TRADE_598,EUR/USD,80168.34012887489,1.0422582263288922,2024-01-24
TRADE_599,EUR/USD,106210.00443300232,1.121310581592866,2024-08-20
TRADE_600,EUR/USD,106137.5283891852,1.1575701712901054,2024-01-01
TRADE_601,EUR/USD,105263.92707873083,1.15299593650494,2024-06-18
TRADE_602,EUR/USD,125383.66759380663,1.1055436609236184,2024-08-12
TRADE_603,EUR/USD,118970.39181102948,1.119729831721996,2024-01-24
TRADE_604,EUR/USD,126599.33894803945,1.1508042618788135,2024-03-06
TRADE_605,EUR/USD,107514.07261094706,1.1666667768265262,2024-02-06
TRADE_606,EUR/USD,105302.95856982688,1.2233830920842335,2024-03-05
TRADE_607,EUR/USD,93790.02127143908,1.0755645323228997,2024-03-01
TRADE_608,EUR/USD,108232.18495748562,1.121157135936259,2024-09-30
TRADE_609,EUR/USD,73060.05813966473,1.2021517857831965,2024-07-12
TRADE_610,EUR/USD,111612.28208039576,1.2119323472044052,2024-05-15
TRADE_611,EUR/USD,94581.70312105458,1.109899730684306,2024-03-19
TRADE_612,EUR/USD,131424.97914053686,1.0661176387960694,2024-07-19
TRADE_613,EUR/USD,75239.54615281998,1.1603457122217482,2024-05-06
TRADE_614,EUR/USD,126991.2754340956,1.0635567018089,2024-01-29
TRADE_615,EUR/USD,107196.28709817512,1.0261732807491208,2024-01-18
TRADE_616,EUR/USD,76310.95421697557,1.0970132440980993,2024-02-01
TRADE_617,EUR/USD,124281.54459840382,1.1013033209316598,2024-02-15
TRADE_618,EUR/USD,105104.5439592348,1.1824055990779927,2024-09-25
TRADE_619,EUR/USD,92947.19922856173,1.051658575233371,2024-07-12
TRADE_620,EUR/USD,98872.9487622451,1.1091346817774375,2024-08-07
TRADE_621,EUR/USD,72586.78862354177,1.0830170765280602,2024-05-16
TRADE_622,EUR/USD,93314.72092920805,1.1006830956502751,2024-05-28
TRADE_623,EUR/USD,102273.06310476962,1.102084924699113,2024-05-22
TRADE_624,EUR/USD,73959.5094377157,1.1400361428049754,2024-02-26
TRADE_625,EUR/USD,121730.88791084362,1.0359260561257924,2024-09-18
TRADE_626,EUR/USD,91934.32180123718,1.1221361556975489,2024-05-07
TRADE_627,EUR/USD,90396.14459525916,1.1406365440214878,2024-09-16
TRADE_628,EUR/USD,93098.35362013949,1.087012363459552,2024-07-31
TRADE_629,EUR/USD,82795.57883144001,1.0845443574706235,2024-07-17
TRADE_630,EUR/USD,105327.6916067292,1.089940590360091,2024-04-11
TRADE_631,EUR/USD,100889.81732761371,1.128532665522065,2024-09-23
TRADE_632,EUR/USD,132347.2466490649,1.0446386828158678,2024-05-02
TRADE_633,EUR/USD,127325.67050948003,1.0601225267091028,2024-03-26
TRADE_634,EUR/USD,80902.52133455803,1.1175135532945795,2024-01-17
TRADE_635,EUR/USD,91969.64394983626,1.1581990737400742,2024-07-31
TRADE_636,EUR/USD,116245.42827258937,1.134012911318504,2024-08-16
TRADE_637,EUR/USD,91765.76012502717,1.0559133878814482,2024-08-27
TRADE_638,EUR/USD,125685.53705442985,1.0897955999190123,2024-08-12
TRADE_639,EUR/USD,102813.18735264396,1.0942303761822338,2024-04-15
TRADE_640,EUR/USD,96148.21432610974,1.0451741665100598,2024-02-19
TRADE_641,EUR/USD,87348.5780875689,1.14316480865496,2024-02-06
TRADE_642,EUR/USD,86888.39716259326,1.0765585161855384,2024-05-27
TRADE_643,EUR/USD,80108.61195870893,1.104734508237628,2024-06-03
TRADE_644,EUR/USD,89587.54269156064,1.1339487217173234,2024-02-29
TRADE_645,EUR/USD,90761.10785890104,1.1633662116188166,2024-02-21
TRADE_646,EUR/USD,92725.4776652364,1.1259287564451357,2024-04-04
TRADE_647,EUR/USD,84542.47223157837,1.1197772678338098,2024-09-26
TRADE_648,EUR/USD,91445.70436991409,1.0583198437058665,2024-06-28
TRADE_649,EUR/USD,142014.71674116672,1.0944774578758811,2024-02-05
TRADE_650,EUR/USD,89745.89727120394,1.0960379844136854,2024-07-26
TRADE_651,EUR/USD,111855.92474882549,1.0149890975325933,2024-03-07
TRADE_652,EUR/USD,88383.29529941602,1.1211658936410371,2024-04-30
TRADE_653,EUR/USD,126838.40782972048,1.1741670923573693,2024-04-19
TRADE_654,EUR/USD,110292.7876673571,0.9990964626909802,2024-03-18
TRADE_655,EUR/USD,147434.6677170886,1.0674090649728831,2024-07-29
TRADE_656,EUR/USD,76459.31368592559,1.0722737704135428,2024-03-07
TRADE_657,EUR/USD,99419.29672605163,1.0656985191097257,2024-08-28
TRADE_658,EUR/USD,98945.48895697424,1.0667408632410365,2024-04-16
TRADE_659,EUR/USD,86821.66543685489,1.096232251701802,2024-05-30
TRADE_660,EUR/USD,104532.42291926776,1.1887820487179706,2024-04-09
TRADE_661,EUR/USD,80902.35514323141,1.0718209933699963,2024-02-12
TRADE_662,EUR/USD,108288.6950862674,1.1035195643662887,2024-01-30
TRADE_663,EUR/USD,76535.45272475097,1.0074959887689414,2024-05-07
TRADE_664,EUR/USD,68198.09531519937,1.0654948757089033,2024-05-16
TRADE_665,EUR/USD,75497.98534727035,1.152303194436985,2024-05-10
TRADE_666,EUR/USD,117958.09802724032,1.021269787049369,2024-06-10
TRADE_667,EUR/USD,86772.6329915375,1.0968236573224832,2024-07-12
TRADE_668,EUR/USD,113506.4119793255,1.0982431225697342,2024-03-18
TRADE_669,EUR/USD,120936.05759817213,1.1353318087189328,2024-05-09
TRADE_670,EUR/USD,130233.17233918447,1.0568261329894997,2024-03-04
TRADE_671,EUR/USD,97263.00665980455,1.140553455372504,2024-04-10
TRADE_672,EUR/USD,111914.80252151568,1.0856697948682086,2024-01-04
TRADE_673,EUR/USD,84422.00634849694,1.0035283393714942,2024-08-12
TRADE_674,EUR/USD,91882.88674733456,1.038984897497435,2024-04-01
TRADE_675,EUR/USD,92159.9348554543,1.182338944071353,2024-03-28
TRADE_676,EUR/USD,95929.74938541008,1.0184626163603394,2024-06-12
TRADE_677,EUR/USD,131296.23461723846,1.1177911467263417,2024-05-03
TRADE_678,EUR/USD,54286.29704524039,1.0891151409485695,2024-05-20
TRADE_679,EUR/USD,78939.03119957824,1.0132369964843422,2024-08-30
TRADE_680,EUR/USD,90584.59373758988,1.1229429226700431,2024-02-16
TRADE_681,EUR/USD,111504.27813625199,1.0935485534795109,2024-04-01
TRADE_682,EUR/USD,119208.00929956566,1.0770565955877591,2024-05-17
TRADE_683,EUR/USD,91472.70116934298,1.1422468337938054,2024-02-28
TRADE_684,EUR/USD,80256.3034050178,1.0904794482738644,2024-05-23
TRADE_685,EUR/USD,75590.56555326868,1.1097665241348564,2024-01-31
TRADE_686,EUR/USD,99963.1432436147,1.0093135028862124,2024-07-31
TRADE_687,EUR/USD,84459.38751753083,1.1440938281114774,2024-05-13
TRADE_688,EUR/USD,97460.36913589996,1.1244203401967556,2024-08-05
TRADE_689,EUR/USD,90843.89264774998,1.0489823897857318,2024-04-25
TRADE_690,EUR/USD,73776.42815966389,1.1120247758692559,2024-02-15
TRADE_691,EUR/USD,97447.15663477822,1.068553910482329,2024-05-09
TRADE_692,EUR/USD,86567.25654016668,1.1260136015942983,2024-08-14
TRADE_693,EUR/USD,73158.50578325121,1.1361624770739434,2024-01-11
TRADE_694,EUR/USD,107254.75492556283,1.183909875017255,2024-04-30
TRADE_695,EUR/USD,122518.8808341802,1.1056553816782264,2024-09-12
TRADE_696,EUR/USD,78786.87367555208,1.0086995729449058,2024-04-25
TRADE_697,EUR/USD,88429.93819026682,1.1363871941548358,2024-02-26
TRADE_698,EUR/USD,92403.2350388989,1.0211286023919703,2024-02-19
TRADE_699,EUR/USD,98518.90991098496,1.1103754329531634,2024-02-13
TRADE_700,EUR/USD,79141.77379523021,1.0147437023961383,2024-05-22
TRADE_701,EUR/USD,97642.7242185479,1.0171669312651026,2024-01-02
TRADE_702,EUR/USD,129740.29656351963,1.1044955343914187,2024-08-26
TRADE_703,EUR/USD,86011.36652947978,1.0348279395987716,2024-08-21
TRADE_704,EUR/USD,87037.91478985138,1.2019546836584363,2024-07-08
TRADE_705,EUR/USD,73839.03503693415,1.09102620812008,2024-03-22
TRADE_706,EUR/USD,88069.4807162769,1.0919281793030293,2024-07-04
TRADE_707,EUR/USD,121448.02941321181,1.1342484808914857,2024-05-02
TRADE_708,EUR/USD,82374.63983155512,1.0957500098098618,2024-01-30
TRADE_709,EUR/USD,104168.87689894943,1.0444886795909105,2024-01-24
TRADE_710,EUR/USD,109029.38477219713,1.1050967065987534,2024-05-16
TRADE_711,EUR/USD,102985.67744983656,1.0571441603028051,2024-03-04
TRADE_712,EUR/USD,79514.57656221806,1.0819411866966313,2024-08-19
TRADE_713,EUR/USD,82846.66516962553,1.0750384624833604,2024-02-22
TRADE_714,EUR/USD,103878.6848863407,1.0639131988794315,2024-04-01
TRADE_715,EUR/USD,89081.28207364502,1.1491131866084927,2024-06-13
TRADE_716,EUR/USD,69370.605647624,1.168460366708863,2024-08-08
TRADE_717,EUR/USD,75178.72554518736,1.1718239641460566,2024-06-24
TRADE_718,EUR/USD,73760.82529943755,1.0466464521460739,2024-05-13
TRADE_719,EUR/USD,75375.49669901161,1.1406200253165732,2024-08-22
TRADE_720,EUR/USD,89030.59674543365,1.0368459050513938,2024-02-02
TRADE_721,EUR/USD,119198.66939174561,1.1314963237753743,2024-09-26
TRADE_722,EUR/USD,89722.25990222588,1.0298079556541446,2024-03-15
TRADE_723,EUR/USD,77109.18967351636,1.1105923370590152,2024-02-20
TRADE_724,EUR/USD,90916.73001682456,1.0579169414751843,2024-04-26
TRADE_725,EUR/USD,111804.64547443054,1.1007338084996512,2024-04-15
TRADE_726,EUR/USD,91589.86410945369,1.1298471741779366,2024-01-02
TRADE_727,EUR/USD,84219.84689499455,1.0733905410891642,2024-03-22
TRADE_728,EUR/USD,112115.06428583789,1.117917889866885,2024-05-20
TRADE_729,EUR/USD,80576.61687167881,1.0917081153459312,2024-08-07
TRADE_730,EUR/USD,102324.25722907462,1.0454875219379764,2024-05-15
TRADE_731,EUR/USD,78933.45760679216,1.1319039606090286,2024-06-18
TRADE_732,EUR/USD,130547.52350532333,1.024600658472332,2024-02-01
TRADE_733,EUR/USD,115717.25911177135,1.192239042603238,2024-02-23
TRADE_734,EUR/USD,105128.03417368302,1.1728793560462922,2024-03-29
TRADE_735,EUR/USD,90236.45038295655,1.110301237400961,2024-08-23
TRADE_736,EUR/USD,95319.65470728923,1.1365521792940152,2024-04-15
TRADE_737,EUR/USD,125933.64901964283,1.1102190054309455,2024-01-04
TRADE_738,EUR/USD,76974.56149945459,1.061501207815033,2024-07-23
TRADE_739,EUR/USD,137451.72047559655,1.1252691376251456,2024-09-20
TRADE_740,EUR/USD,124613.93482142493,1.0639846849555978,2024-06-20
TRADE_741,EUR/USD,82518.72647422244,1.1178315401143646,2024-07-29
TRADE_742,EUR/USD,75241.96854324182,1.16410841770039,2024-04-16
TRADE_743,EUR/USD,116013.82050221755,1.1233337415981206,2024-03-07
TRADE_744,EUR/USD,126717.36518215052,1.0406234511922532,2024-03-14
TRADE_745,EUR/USD,82378.67263448665,0.9947075940327281,2024-09-06
TRADE_746,EUR/USD,92507.47252878563,1.0538903180090806,2024-05-07
TRADE_747,EUR/USD,121849.41502950582,1.1537260941473009,2024-05-07
TRADE_748,EUR/USD,104821.1265363258,1.1245248509070447,2024-07-05
TRADE_749,EUR/USD,94508.6991312642,1.1166916865514755,2024-05-17
TRADE_750,EUR/USD,87606.81266119733,1.105682098887897,2024-07-01
TRADE_751,EUR/USD,131250.0205486736,1.0541410622954561,2024-08-02
TRADE_752,EUR/USD,95411.48817708339,1.1023444134692948,2024-05-03
TRADE_753,EUR/USD,75653.7796440699,1.0129705205660766,2024-03-08
TRADE_754,EUR/USD,98662.4850426173,1.0520851839583696,2024-01-11
TRADE_755,EUR/USD,116560.24061481278,1.145373025279752,2024-07-04
TRADE_756,EUR/USD,95732.63499293965,1.1095294248515974,2024-07-29
TRADE_757,EUR/USD,88428.2175591652,1.068792766830215,2024-01-03
TRADE_758,EUR/USD,107655.64575847688,1.1052099737244592,2024-01-08
TRADE_759,EUR/USD,107257.44426542592,1.078324625043621,2024-09-11
TRADE_760,EUR/USD,129506.43150676155,1.1391232996262006,2024-04-03
TRADE_761,EUR/USD,112249.13237835215,1.1461251260974934,2024-02-29
TRADE_762,EUR/USD,82347.81348202696,1.0563965048317903,2024-03-01
TRADE_763,EUR/USD,85948.80503574411,1.2108679197935261,2024-07-04
TRADE_764,EUR/USD,102548.03652075278,1.1235386369941018,2024-01-16
TRADE_765,EUR/USD,96082.58140552795,1.0510940956106856,2024-01-25
TRADE_766,EUR/USD,104200.67511598511,1.14070635277833,2024-08-08
TRADE_767,EUR/USD,136063.42577750387,1.1336076267306163,2024-05-27
TRADE_768,EUR/USD,115405.03370901941,1.059027746109516,2024-05-13
TRADE_769,EUR/USD,128916.34543740355,1.1835392320243012,2024-02-12
TRADE_770,EUR/USD,67084.8459812285,1.0726370402913443,2024-06-06
TRADE_771,EUR/USD,76464.6938826208,1.082069156887331,2024-03-28
TRADE_772,EUR/USD,113069.3039337561,1.1834092165872956,2024-07-25
TRADE_773,EUR/USD,72132.18664578862,1.0696821224184725,2024-08-20
TRADE_774,EUR/USD,134381.74123069274,1.1315978252554064,2024-03-25
TRADE_775,EUR/USD,99631.66728868187,1.0688130324758807,2024-02-08
TRADE_776,EUR/USD,91838.2858480174,0.9897892009069079,2024-09-26
TRADE_777,EUR/USD,84056.11990567818,1.060444208116076,2024-02-06
TRADE_778,EUR/USD,128898.2765576621,1.1348174160291442,2024-07-01
TRADE_779,EUR/USD,66710.08852068945,1.1374826541648935,2024-04-11
TRADE_780,EUR/USD,84474.14345696812,1.0816143217775362,2024-08-19
TRADE_781,EUR/USD,134010.70542233746,1.0594987148272657,2024-08-30
TRADE_782,EUR/USD,116914.34783231458,1.0937031303169404,2024-09-10
TRADE_783,EUR/USD,94941.81825539054,1.1592952035381687,2024-09-12
TRADE_784,EUR/USD,100274.57211629298,1.1442100164336395,2024-05-15
TRADE_785,EUR/USD,46793.88568954744,1.1280104386171008,2024-01-29
TRADE_786,EUR/USD,76719.97465524814,1.1154026228136174,2024-07-05
TRADE_787,EUR/USD,62342.07322119492,1.0951934708104938,2024-05-17
TRADE_788,EUR/USD,68038.98137451423,1.012584091044,2024-01-18
TRADE_789,EUR/USD,114602.15823915036,1.1250435238040237,2024-01-01
TRADE_790,EUR/USD,118934.60375685163,1.1118967931607173,2024-07-30
TRADE_791,EUR/USD,85863.14325489118,1.0780076269353756,2024-07-17
TRADE_792,EUR/USD,100319.90133970499,1.09810714398345,2024-02-06
TRADE_793,EUR/USD,101380.19569278284,1.1728073391140612,2024-06-10
TRADE_794,EUR/USD,85511.94340386087,1.0549330718765302,2024-01-19
TRADE_795,EUR/USD,104481.02789423673,1.0162659264399043,2024-05-09
TRADE_796,EUR/USD,61116.54810574931,1.0840723527599314,2024-04-02
TRADE_797,EUR/USD,123241.96546796715,1.039548634891898,2024-04-22
TRADE_798,EUR/USD,91707.53152205283,1.0586143285361598,2024-01-19
TRADE_799,EUR/USD,128633.2103731778,1.0943883289457137,2024-02-14
TRADE_800,EUR/USD,121695.86119603257,1.1012666892483487,2024-07-03
TRADE_801,EUR/USD,129145.32163674517,1.061086277145798,2024-05-27
TRADE_802,EUR/USD,64765.343127925655,1.1273615476818084,2024-09-23
TRADE_803,EUR/USD,124575.959114323,1.1894440281918446,2024-08-29
TRADE_804,EUR/USD,83417.84443467742,1.0532144997900663,2024-09-03
TRADE_805,EUR/USD,96583.02656491946,1.1105043962419745,2024-04-17
TRADE_806,EUR/USD,98145.97758541329,1.091923569969991,2024-01-08
TRADE_807,EUR/USD,83103.56497803322,1.0919570029162478,2024-04-18
TRADE_808,EUR/USD,92182.49281618444,1.0590531900066797,2024-05-13
TRADE_809,EUR/USD,112087.55936309665,0.9999805071431975,2024-05-30
TRADE_810,EUR/USD,84734.62021862442,1.1381864930466306,2024-07-22
TRADE_811,EUR/USD,108826.36680331292,1.1082655447720005,2024-08-26
TRADE_812,EUR/USD,91210.28399584944,1.135238129716752,2024-06-13
TRADE_813,EUR/USD,65291.787896736576,1.1257555665139933,2024-06-05
TRADE_814,EUR/USD,115515.66395431304,1.0636518981313703,2024-06-10
TRADE_815,EUR/USD,101012.0337806109,1.142381598855398,2024-01-01
TRADE_816,EUR/USD,83912.19718700698,1.122712141628129,2024-08-07
TRADE_817,EUR/USD,115642.47713677741,1.0307191205069421,2024-08-09
TRADE_818,EUR/USD,103601.54289513497,1.0181448048915915,2024-07-09
TRADE_819,EUR/USD,131541.56496396026,1.1126498064951063,2024-06-25
TRADE_820,EUR/USD,83126.97690411542,1.0766232533588675,2024-06-12
TRADE_821,EUR/USD,99931.2156050803,1.1171746009989059,2024-03-19
TRADE_822,EUR/USD,94034.29205205572,1.0830282489594705,2024-09-10
TRADE_823,EUR/USD,82699.26271679888,1.0856273439132156,2024-08-06
TRADE_824,EUR/USD,84188.35078405574,1.126097516955142,2024-08-12
TRADE_825,EUR/USD,124874.96132829774,1.1151493072791323,2024-07-23
TRADE_826,EUR/USD,86742.12666100492,1.1323164892765853,2024-09-16
TRADE_827,EUR/USD,110405.52572564637,1.2709370765351078,2024-04-23
TRADE_828,EUR/USD,105805.00581918668,1.0399582847315905,2024-09-25
TRADE_829,EUR/USD,115751.15278900113,1.0348375350746042,2024-02-16
TRADE_830,EUR/USD,91534.96125269988,1.0914827057730883,2024-03-21
TRADE_831,EUR/USD,107692.81035893844,1.098885606102642,2024-01-04
TRADE_832,EUR/USD,120371.21702601394,1.0413779166647374,2024-05-20
TRADE_833,EUR/USD,51761.050249130574,1.1249471583575743,2024-06-04
TRADE_834,EUR/USD,70554.86006483436,1.0194996765488522,2024-02-09
TRADE_835,EUR/USD,79262.9972011897,1.1187947712051964,2024-05-07
TRADE_836,EUR/USD,122558.35933858174,1.0426959140945704,2024-03-14
TRADE_837,EUR/USD,117901.00191329727,1.085172879201858,2024-02-19
TRADE_838,EUR/USD,139265.89334595355,1.0728533633121302,2024-06-20
TRADE_839,EUR/USD,124085.19079744258,1.104388096830666,2024-02-15
TRADE_840,EUR/USD,76594.00692081623,1.0826818725429475,2024-02-21
TRADE_841,EUR/USD,91796.65215484984,1.0956588258319262,2024-03-21
TRADE_842,EUR/USD,71836.4028382464,1.1074281915090423,2024-08-01
TRADE_843,EUR/USD,90607.22257084947,1.1827183642193573,2024-05-07
TRADE_844,EUR/USD,106847.04359184543,1.0850787778028892,2024-08-14
TRADE_845,EUR/USD,103659.856050754,1.0853123580656145,2024-07-08
TRADE_846,EUR/USD,118046.59469982091,1.1007355264316663,2024-05-08
TRADE_847,EUR/USD,103896.46246449235,1.1274885119997968,2024-04-29
TRADE_848,EUR/USD,98876.5380982751,1.0980450994751092,2024-02-26
TRADE_849,EUR/USD,91033.45268388496,1.0482937835331432,2024-05-17
TRADE_850,EUR/USD,116687.6088575231,1.0652650745126577,2024-09-06
TRADE_851,EUR/USD,117481.38186573602,1.019689885552339,2024-05-08
TRADE_852,EUR/USD,80102.18002574971,1.0733330910630348,2024-04-01
TRADE_853,EUR/USD,77901.7818589282,1.1253256441474762,2024-04-02
TRADE_854,EUR/USD,114810.67334159753,1.1112082907309269,2024-05-23
TRADE_855,EUR/USD,99144.12090607565,1.2108720167152278,2024-08-16
TRADE_856,EUR/USD,100177.89742803041,1.0611324707107408,2024-02-05
TRADE_857,EUR/USD,94194.63096850405,1.0762514155534173,2024-03-26
TRADE_858,EUR/USD,46619.49713692204,1.1447878339958935,2024-03-13
TRADE_859,EUR/USD,103211.50413344333,1.089989422636139,2024-04-05
TRADE_860,EUR/USD,68693.0373723999,1.1253916011451228,2024-02-13
TRADE_861,EUR/USD,87622.69104519475,1.1185925783279698,2024-03-18
TRADE_862,EUR/USD,96687.38721452659,1.099107785957542,2024-05-14
TRADE_863,EUR/USD,132877.88280400194,1.1025730307196264,2024-09-10
TRADE_864,EUR/USD,141681.95843435725,1.1637004254112586,2024-08-22
TRADE_865,EUR/USD,89462.36457454797,1.1194628542434213,2024-06-27
TRADE_866,EUR/USD,90977.9259202475,1.1338994202415946,2024-08-02
TRADE_867,EUR/USD,94714.23660148284,1.0030897146330942,2024-05-31
TRADE_868,EUR/USD,93108.11938747123,1.053974817547483,2024-09-11
TRADE_869,EUR/USD,120012.70758775965,1.1234442751928093,2024-07-11
TRADE_870,EUR/USD,145854.02605985678,1.1637255090357317,2024-02-16
TRADE_871,EUR/USD,101844.4389596145,1.1521819437513923,2024-06-04
TRADE_872,EUR/USD,140391.32209433257,1.0765891764776647,2024-06-25
TRADE_873,EUR/USD,116338.85573782978,1.0428654381041726,2024-06-14
TRADE_874,EUR/USD,103123.81991208893,1.1393267555402125,2024-04-12
TRADE_875,EUR/USD,107181.87007937071,1.068147358939901,2024-09-25
TRADE_876,EUR/USD,70744.58879922963,1.048089245156559,2024-04-24
TRADE_877,EUR/USD,97842.32716523102,1.0167624658091068,2024-08-16
TRADE_878,EUR/USD,82065.16482269352,1.1204212760446717,2024-01-04
TRADE_879,EUR/USD,73998.90152376465,1.096006132736047,2024-09-27
TRADE_880,EUR/USD,109799.11285026667,1.1137523817111636,2024-05-28
TRADE_881,EUR/USD,100441.8143825742,1.0822017374469344,2024-06-03
TRADE_882,EUR/USD,95814.35864163446,1.1159825952035556,2024-07-12
TRADE_883,EUR/USD,105331.86202707057,1.0621885222375411,2024-06-19
TRADE_884,EUR/USD,78821.40310820649,1.166104872460706,2024-03-29
TRADE_885,EUR/USD,101708.14365343231,1.0092283688777264,2024-07-26
TRADE_886,EUR/USD,122346.70197284699,1.1406014654866465,2024-06-26
TRADE_887,EUR/USD,77304.41727324619,1.1237423645664415,2024-02-14
TRADE_888,EUR/USD,95200.6971467857,1.0875385336272512,2024-01-23
TRADE_889,EUR/USD,128345.45539959232,1.0917986434071458,2024-01-12
TRADE_890,EUR/USD,89236.16500055417,1.1359181276061459,2024-05-08
TRADE_891,EUR/USD,106864.3252305706,1.1147383697978943,2024-04-17
TRADE_892,EUR/USD,112286.88268359251,1.0819462104684996,2024-04-17
TRADE_893,EUR/USD,89583.45339165103,1.147806731746732,2024-05-27
TRADE_894,EUR/USD,120682.87874780627,1.1109212688045396,2024-09-26
TRADE_895,EUR/USD,102199.88626829736,1.070347111071803,2024-06-12
TRADE_896,EUR/USD,111660.91321298323,1.0611802213858448,2024-04-09
TRADE_897,EUR/USD,127578.00801369603,1.1269087303482774,2024-08-05
TRADE_898,EUR/USD,96926.25357751621,1.1111361614767357,2024-06-19
TRADE_899,EUR/USD,111468.20686479949,1.0921981885650447,2024-01-18
TRADE_900,EUR/USD,75307.21235387813,1.1574175502553126,2024-07-02
TRADE_901,EUR/USD,119352.35279279304,1.1230613772019193,2024-02-01
TRADE_902,EUR/USD,59784.18085548492,1.1264274091373945,2024-09-04
TRADE_903,EUR/USD,77642.60291914106,1.0924706114355862,2024-05-27
TRADE_904,EUR/USD,104452.50882871155,1.115358237559089,2024-03-11
TRADE_905,EUR/USD,48159.51664001217,1.1008260310595739,2024-07-16
TRADE_906,EUR/USD,124909.82127492182,1.0836829443687215,2024-07-19
TRADE_907,EUR/USD,96740.89847181557,1.1393369848545776,2024-01-10
TRADE_908,EUR/USD,79947.835881948,1.0885426174039006,2024-08-23
TRADE_909,EUR/USD,109163.61181971527,1.1196726645235289,2024-04-09
TRADE_910,EUR/USD,102089.15759417778,1.1557923019046863,2024-05-02
TRADE_911,EUR/USD,88742.93519891135,0.9979912806264616,2024-02-08
TRADE_912,EUR/USD,87596.27361009589,1.1115158220201096,2024-03-08
TRADE_913,EUR/USD,74100.03967387803,1.1200249647752971,2024-04-22
TRADE_914,EUR/USD,120932.79304845884,1.1220175929332032,2024-07-18
TRADE_915,EUR/USD,112870.58362210791,0.9982770754430471,2024-05-27
TRADE_916,EUR/USD,117110.88315561714,1.0729373678041914,2024-01-01
TRADE_917,EUR/USD,100734.48311481474,1.0396055055402023,2024-01-30
TRADE_918,EUR/USD,90466.74110596128,1.167615263927058,2024-07-31
TRADE_919,EUR/USD,101665.56548134897,1.0805412836490433,2024-06-26
TRADE_920,EUR/USD,74398.69252087426,1.1349022342370445,2024-08-16
TRADE_921,EUR/USD,110387.66034172004,1.071600931756732,2024-01-30
TRADE_922,EUR/USD,87711.49437769345,1.094258622600565,2024-01-17
TRADE_923,EUR/USD,138182.52049130437,1.1082076698524312,2024-05-07
TRADE_924,EUR/USD,101969.60263737926,1.079643154096341,2024-09-27
TRADE_925,EUR/USD,110207.66589018454,1.1110620874639434,2024-09-10
TRADE_926,EUR/USD,89074.85643601065,1.0863425386091428,2024-05-10
TRADE_927,EUR/USD,105127.84269566044,1.1763413046446924,2024-01-03
TRADE_928,EUR/USD,108425.89412641565,1.059407379464325,2024-01-25
TRADE_929,EUR/USD,93214.20298274336,1.1587286516220254,2024-08-30
TRADE_930,EUR/USD,118830.79037125388,1.0801365892771364,2024-02-20
TRADE_931,EUR/USD,97844.60055550137,1.0406990154276132,2024-02-12
TRADE_932,EUR/USD,119330.16873638776,1.1277949654898314,2024-04-04
TRADE_933,EUR/USD,101824.3940236333,1.182118518273083,2024-08-01
TRADE_934,EUR/USD,94521.26303896667,1.070642538052813,2024-04-29
TRADE_935,EUR/USD,102144.39705421303,1.1193947310310688,2024-04-15
TRADE_936,EUR/USD,117285.71410545264,1.0661462620706732,2024-09-13
TRADE_937,EUR/USD,136980.5317160211,1.0007968632990145,2024-01-19
TRADE_938,EUR/USD,93513.52143539023,1.0684151959990549,2024-04-18
TRADE_939,EUR/USD,141553.6519701865,1.1511353072590882,2024-02-22
TRADE_940,EUR/USD,90822.4776093056,1.1054589150382965,2024-06-21
TRADE_941,EUR/USD,89803.45512476514,1.1833875132976477,2024-02-19
TRADE_942,EUR/USD,86720.90959853202,1.1148390782440418,2024-04-23
TRADE_943,EUR/USD,100194.47376604236,1.0257314864861014,2024-04-22
TRADE_944,EUR/USD,106023.85324284069,1.1452188739393114,2024-05-01
TRADE_945,EUR/USD,65172.657073807415,1.142178061509256,2024-03-22
TRADE_946,EUR/USD,90390.12803843508,1.1421798554556433,2024-04-15
TRADE_947,EUR/USD,100819.27393298908,1.1071813537266377,2024-01-23
TRADE_948,EUR/USD,86084.17907334166,1.1133958283130736,2024-01-09
TRADE_949,EUR/USD,110099.15426300932,1.0431541086629057,2024-06-24
TRADE_950,EUR/USD,115833.30777294502,1.0226271587066975,2024-09-11
TRADE_951,EUR/USD,111662.63920047751,1.0810524436404638,2024-04-18
TRADE_952,EUR/USD,49423.64669837432,1.1739921508133353,2024-05-09
TRADE_953,EUR/USD,119985.36427351151,1.1147402264052237,2024-04-25
TRADE_954,EUR/USD,122038.65764568435,1.149941038705786,2024-05-02
TRADE_955,EUR/USD,89776.67919151257,1.0581317430395016,2024-04-25
TRADE_956,EUR/USD,91464.24272639483,1.0810967999427652,2024-07-22
TRADE_957,EUR/USD,107130.71083712707,0.9904050756167518,2024-06-13
TRADE_958,EUR/USD,123545.65938362798,1.1287569939865743,2024-01-30
TRADE_959,EUR/USD,113501.18112874162,1.0513600884611298,2024-04-05
TRADE_960,EUR/USD,102396.47604019838,1.107652062872697,2024-04-09
TRADE_961,EUR/USD,99056.77681518422,1.047447282844911,2024-09-30
TRADE_962,EUR/USD,94327.85890173465,1.062756174038106,2024-01-31
TRADE_963,EUR/USD,107566.54001621976,1.14156897442612,2024-07-25
TRADE_964,EUR/USD,63464.81053166976,1.1241340579595456,2024-07-10
TRADE_965,EUR/USD,106558.94607671426,1.118042329663707,2024-01-24
TRADE_966,EUR/USD,134178.45769457455,1.096568984721254,2024-03-18
TRADE_967,EUR/USD,92428.80526978377,1.1579025385113713,2024-03-08
TRADE_968,EUR/USD,119660.96616136546,1.0664220038672623,2024-08-30
TRADE_969,EUR/USD,135089.37786307238,1.0564041774056514,2024-09-12
TRADE_970,EUR/USD,113465.56860070679,1.1509855520550554,2024-05-23
TRADE_971,EUR/USD,148142.56480313977,1.0984448520682506,2024-03-11
TRADE_972,EUR/USD,67344.83813800041,1.0876389606030845,2024-02-16
TRADE_973,EUR/USD,102902.93144224939,1.0878552443175349,2024-08-29
TRADE_974,EUR/USD,116909.37523141911,1.2145833045643741,2024-05-30
TRADE_975,EUR/USD,113707.23266755752,1.01031481504266,2024-05-07
TRADE_976,EUR/USD,67623.51941696758,1.1084862547982717,2024-06-07
TRADE_977,EUR/USD,102374.55142748376,1.0565659718057105,2024-07-19
TRADE_978,EUR/USD,55387.029969196,1.0651904334160747,2024-08-07
TRADE_979,EUR/USD,107649.85127026193,1.136069115477365,2024-07-29
TRADE_980,EUR/USD,94049.48268554814,1.0666172577039772,2024-03-29
TRADE_981,EUR/USD,101595.51787063612,1.0931519760427506,2024-04-15
TRADE_982,EUR/USD,131066.38425738894,1.0515014202943986,2024-07-01
TRADE_983,EUR/USD,144831.36234941866,1.1377762040107122,2024-01-04
TRADE_984,EUR/USD,118243.51001008676,1.0311959490538527,2024-07-24
TRADE_985,EUR/USD,118795.90781035245,1.1118128518259804,2024-03-04
TRADE_986,EUR/USD,80062.96559294236,1.0932217574380463,2024-01-26
TRADE_987,EUR/USD,107289.12368196598,1.1151890979118169,2024-03-27
TRADE_988,EUR/USD,96887.29742246713,1.1062442869311586,2024-03-18
TRADE_989,EUR/USD,105624.18026653753,1.0722094201308634,2024-08-06
TRADE_990,EUR/USD,71630.96515716217,1.030094704444914,2024-04-19
TRADE_991,EUR/USD,85252.58634769822,1.0862788882700947,2024-04-02
TRADE_992,EUR/USD,118048.4831189708,1.0471656277828971,2024-05-29
TRADE_993,EUR/USD,99668.45359513664,1.1156152312340957,2024-05-21
TRADE_994,EUR/USD,77354.26334539377,1.0559730119541972,2024-09-11
TRADE_995,EUR/USD,100265.89676879311,1.0395249951857544,2024-07-29
TRADE_996,EUR/USD,62560.53626844908,1.0217952190996449,2024-01-18
TRADE_997,EUR/USD,100707.28137674768,1.1204752842439798,2024-08-20
TRADE_998,EUR/USD,93384.49273050184,1.0816103140585507,2024-09-16
TRADE_999,EUR/USD,139320.13251373166,1.161159591139555,2024-01-05
